"1","อีก [TIME]1 นาที[/TIME] [EVENT]เปิดพัดลม[/EVENT]","2019-11-16 00:44:30"
"2","[DATE]ทุกวัน[/DATE]เวลา [TIME]19:00 น.[/TIME] [EVENT]ให้ปิดพัดลม[/EVENT]","2019-11-16 00:44:30"
"3","อากาศร้อนแล้ว[EVENT]เปิดลม[/EVENT]หน่อย","2019-11-16 00:44:30"
"4","อากาศหนาวล่ะ [EVENT]ปิดลม[/EVENT]หน่อย","2019-11-16 00:44:30"
"5","อีก [TIME]10 ชั่วโมง[/TIME][EVENT]ปิดพัดลม[/EVENT]","2019-11-17 00:44:29"
"6","อีก [TIME]5 นาที[/TIME] [EVENT]เปิดพัดลม[/EVENT]","2019-11-17 00:44:29"
"7","นับถอยหลัง [TIME]10 นาที[/TIME] [EVENT]ปิดพัดลม[/EVENT]","2019-11-17 16:47:20"
"8","เปิดพัดลม","2019-12-24 03:52:35"
"9","ปิดพัดลม","2019-12-24 03:52:35"
"10","จง[EVENT]ปิดพัดลม[/EVENT]หน่อย","2019-12-24 10:14:08"
"11","[EVENT]ปิดพัดลม[/EVENT]ให้หน่อยนะ","2019-12-24 13:40:07"
"12","[EVENT]เปิดพัดลม[/EVENT]ให้หน่อยนะ","2019-12-24 13:40:20"
"13","อีก [TIME]5 นาที[/TIME]ให้[EVENT]เปิดพัดลม[/EVENT]","2019-12-25 23:00:19"
