"1","อยากฟังธรรมะ[religion]ศีลห้า[/religion]","2019-11-16 00:45:39"
"2","อยากฟังธรรมะ","2019-11-16 00:45:39"
"3","อยากฟัง[religion]บทสวดมนต์[/religion]","2019-11-17 17:42:22"
"4","อยากฟัง[religion]บทแผ่เมตตา[/religion]","2019-11-17 17:42:22"
"5","ฟังธรรมะ[religion]หลวงพ่อโต[/religion]","2019-12-24 04:04:37"
"6","ฟังธรรมะ[religion]ชาดก[/religion]","2019-12-24 04:35:54"
"7","ฟัง[religion]บทสวดมนต์[/religion]","2019-12-24 04:35:54"
"8","ฟัง[religion]บทเผยเมตตา[/religion]","2019-12-24 04:35:54"
"9","อยากฟังธรรมะ[religion]ตายแล้วไปไหน[/religion]","2019-12-24 13:25:02"
"10","เปิดธรรมะให้ฟังหน่อย","2019-12-26 00:02:09"
